,Model,MAE,MSE,R2
0,LinearRegression,7.660279857998242,623.1790872823644,0.053893963137146006
1,Ridge,7.659763298080102,623.1763147274659,0.05389817241017958
2,Lasso,7.57703093223678,624.4155537060486,0.052016768648917355
3,RandomForestRegressor,7.963674611473965,692.3182611971537,-0.05107263660828809
